{
  "trial": 10,
  "score": 2.1381766162152287,
  "params": {
    "k": 38,
    "eps": 1.6153764588256392,
    "tau": 0.11433990670095684
  },
  "user_attrs": {
    "fiedler": 0.71750165,
    "var_lambda": 0.03029924,
    "mrr_proxy": 2.895739,
    "tau": 0.11434,
    "n_sample": 5000,
    "n_probe": 200
  },
  "timestamp": "20260429_130050",
  "study_name": "cve_arrowspace_fstar",
  "n_trials": 20
}